Name,UniqueReference
Naomi Buchanan,1651092614499
Cherokee Bradshaw,1607051688199
Aretha Patton,1665031120999
Courtney West,1602122786499
Kimberly Mckee,1650071339499
Noel French,1697091223199
Jessamine Adams,1663111672599
Clementine Camacho,1649011412899
Yael Knight,1690093076999
Hope Farmer,1631021484899
Jolie Guerrero,1632072720799
Scarlet Patton,1637022952999
Karyn Colon,1640111748899
Wyoming Lambert,1654081813899
Jane Hopper,1683040780399
Mechelle Salas,1652072722999
Jescie Nunez,1644063068199
Isabelle Golden,1685021785199
Hillary Browning,1621062882799
Quynn Herrera,1662121465599
Audrey Foley,1644042161299
Oprah Glover,1694030656099
Marah Herring,1604112543699
Ariana Petersen,1603010719599
Victoria Acevedo,1662101933899
Ocean Lyons,1669062330099
Melanie Holt,1649120239199
Cally Sellers,1616081484199
Astra Heath,1679072971999
Olympia Webb,1605052905399
Virginia Reese,1633102664699
Haley Lynch,1610032346599
Sasha Hall,1608102367299
MacKenzie Mathis,1603021019999
Amanda Carlson,1682022308299
Maryam Weiss,1646111187599
Suki Whitney,1669122461099
Rhiannon Ray,1694121527999
Aphrodite Meyers,1662052574199
Lysandra Lee,1617062185099
Yuri Anderson,1691010859199
Noel Adams,1601061994799
Stacey Snider,1655021296099
Kylee Osborne,1600122592899
Maisie Stone,1658062291799
Naomi Rosa,1636111616299
Danielle Colon,1604122237899
Kendall Strickland,1670092870299
Cherokee King,1663091310299
Maile Charles,1623090371899
Francesca Moore,1640122267399
Cynthia Albert,1694040946799
Bertha Thomas,1616090466999
Kai West,1655090550899
Hope Bailey,1697031017799
Kelly Lynn,1691102401499
Meghan Phelps,1614022932099
Kylan Spencer,1661042068899
Kessie Wallace,1628030825699
Candice Stanton,1694012139599
Kaye Merrill,1624112878199
Jordan Zamora,1600111134899
Ava Brennan,1662032785499
Zoe David,1647120782199
Kelsie Tanner,1610122465599
Shelby Guy,1619012716199
Karen Alston,1689040639599
Moana Camacho,1680042473099
Farrah Parks,1645111746499
Barbara Chase,1602081494199
Morgan Ochoa,1617010816999
Delilah French,1650010835399
Cathleen Todd,1613020580599
Katell Benson,1607072924799
Charlotte Gallagher,1694121089599
Libby Whitehead,1628052024399
Anastasia Cooke,1694081321999
Aphrodite Conner,1672032089499
Willow Bishop,1637082224099
Morgan Leach,1665072011299
Tara Davidson,1656031855499
Hollee Branch,1654060159899
Roary Love,1652032649499
Tasha Reilly,1631031508899
Madaline Dominguez,1659111402499
Nola Case,1605111413499
Maris Madden,1656031278399
Stella Frederick,1629063001399
Debra Mann,1680011446799
Maya Bailey,1648102561099
Gay Cannon,1672071860899
Pamela Sloan,1629051034199
Candice Alvarado,1635100177799
Kristen Whitaker,1672050309399
Paloma Burt,1686090722999
Jenette Marquez,1623062300499
Minerva Berg,1666010838599
Clio Espinoza,1631011605599
Lunea Michael,1612061167099
Violet Rivera,1617040848399
Robin Koch,1674011504499
Amaya Sawyer,1629020961099
Wyoming Montoya,1695112720999
Dawn Slater,1676121178299
Carolyn Pratt,1620052863699
Justine Logan,1671012143799
Ivory Rutledge,1691100194099
Marcia Nielsen,1662012858699
Lana Chandler,1612122891699
Delilah Maynard,1643110254499
Mara Spence,1615050556799
Desirae Daniel,1645111444999
Isabella Frye,1660092539599
Nicole Kramer,1636081873399
Kiona Lynch,1689022104399
Melyssa Morales,1671041269099
Eve Holmes,1651060793399
Gloria Park,1609120944899
Zena Meadows,1644101014599
Azalia Bauer,1647031556799
Germane Mejia,1637031993299
Madison Dunn,1666101925199
Octavia Bennett,1615110312199
Zia Park,1695040334099
Petra Hendricks,1693102989799
Naomi Lott,1627122702899
Emily Bush,1615041108099
Kirsten Sherman,1683122580199
Margaret Kent,1687110774199
Lisandra Fields,1641052231999
Montana Solis,1613050357799
Shafira Briggs,1693041651499
Shay Osborne,1679060202699
Xantha Salas,1616092727999
Cally Ruiz,1691110842999
Candace Decker,1634052863999
Penelope Berry,1683091336499
Madison Weber,1652082114999
Emerald Leon,1607010506199
Jorden Crawford,1614021403599
Indigo Diaz,1654112556999
Audra Santos,1695092231299
Sierra Valdez,1612052130599
Bethany Gilmore,1621041444199
Ruby Ratliff,1628042798899
Francesca Barlow,1601022547199
Desirae Levy,1667072228899
Regina Craig,1649010414399
Joelle Hurst,1628120224399
Destiny Mooney,1696071454899
Guinevere Gonzales,1671030950299
Josephine Mcdowell,1693040420499
Leslie Nunez,1617053001699
Lydia Short,1687123027799
Justina Smith,1652111350899
Ocean Campbell,1639051603399
Nyssa Montoya,1655063016899
Jacqueline Norris,1684052859599
Quincy Chandler,1693122253699
Hannah Branch,1683012825299
Indigo Maldonado,1624060387799
Cassady Barber,1626071181799
Aiko Sandoval,1664031906699
Sonia Cherry,1612080695999
Cynthia Bird,1620073027599
Ciara Lambert,1643121968599
Kiara Ferrell,1625012043299
Tanya Lynn,1606011669199
Zelda Pope,1661121611099
Sarah Small,1624081481499
Blythe Walls,1687111261299
Casey Haley,1632060430899
Alice Mejia,1633080869999
Breanna Bryan,1669092074299
Kitra Hensley,1600120345299
Daria Drake,1617100707899
Mariam Hernandez,1672122852599
Ciara Calhoun,1698020746999
Dai Guzman,1660071592199
Mona Kim,1600051244399
Kay Holcomb,1601012627899
Nyssa Fleming,1695100115299
Evelyn Hardy,1617120292999
Francesca Whitney,1607101880899
Imelda Sims,1617022594999
Amelia Higgins,1676101265499
Noelani Ford,1643050614099
Tasha Mcleod,1674011034499
Kylynn Santana,1674021698299
Zenia Lester,1624012610099
Caryn Potts,1607072691399
Mary Fleming,1617101706499
Elaine Kirk,1665122228299
Pascale Woods,1682022346299
Lilah Cortez,1622110699999
Cecilia Hines,1602021316099
TaShya Howe,1665023042699
Bertha Stokes,1632070700999
Justina Sharpe,1658020213599
Marny Robbins,1672050576999
Guinevere Burris,1678050654499