Name,CodigoUnico
Kameko Bernard,1617062776899
Flavia Kelly,1676051541999
Keiko Edwards,1633071589099
Quynn Pitts,1653030942999
Hayfa Freeman,1679091012999
Dominic Aguirre,1691080785599
Colt Moses,1668031843299
Edward Noble,1653090537199
Ryder Trujillo,1618022514199
Taylor Rocha,1601051849799
Marvin Olsen,1698091170899
Cyrus Payne,1600072393899
Patricia Madden,1638010312799
Amos Maddox,1653081270299
Cally Casey,1612120107199
Aladdin Gilmore,1688121775899
Harlan Hodges,1629100652599
Merrill Hoffman,1635050681299
Chaim Alexander,1637111084699
Rhoda Booth,1670112590399
Iliana Summers,1611030657699
Elton Grant,1621083079499
Lyle Madden,1697090979899
Guinevere Chen,1670082894999
Salvador Livingston,1680021080999
Wang David,1657072299399
Rana Conway,1668032248099
Vincent Payne,1686021965099
Charles Zamora,1692032633999
Blair Jennings,1617121180799
Clinton Fulton,1680020271499
Hollee William,1622020523799
Mark Foley,1695010454099
Octavius Olson,1624021448699
Kenyon Hancock,1632083093299
Allegra Hendrix,1619031284199
Zia Taylor,1615091524599
Rhona Norman,1673120804199
Callie Lindsey,1636052061899
Haley Valencia,1673011081499
Palmer Ellis,1656122352699
Yael Peck,1618120801199